{
	"info": {
		"_postman_id": "a3ce1000-ee3a-46c9-b779-c0d2ac4fab9a",
		"name": "TestsPostman",
		"schema": "https://schema.getpostman.com/json/collection/v2.1.0/collection.json"
	},
	"item": [
		{
			"name": "Partie 1 - Affichage de la marge",
			"request": {
				"method": "GET",
				"header": [],
				"body": {},
				"url": {
					"raw": ""
				}
			},
			"response": []
		},
		{
			"name": "Partie 2 - Tri par ordre alphabétique",
			"request": {
				"method": "GET",
				"header": [],
				"body": {},
				"url": {
					"raw": "http://localhost:9090/ProduitsTries",
					"protocol": "http",
					"host": [
						"localhost"
					],
					"port": "9090",
					"path": [
						"ProduitsTries"
					]
				}
			},
			"response": []
		},
		{
			"name": "Partie 3 - Validation du prix de vente",
			"request": {
				"method": "POST",
				"header": [
					{
						"key": "Content-Type",
						"value": "application/json"
					}
				],
				"body": {
					"mode": "raw",
					"raw": "    {\n        \"id\": 7,\n        \"nom\": \"Clé USB\",\n        \"prix\": 0,\n        \"prixAchat\": 20\n    }"
				},
				"url": {
					"raw": "http://localhost:9090/Produits/",
					"protocol": "http",
					"host": [
						"localhost"
					],
					"port": "9090",
					"path": [
						"Produits",
						""
					]
				}
			},
			"response": []
		}
	]
}